{
  "venueInternalIdentifier": 1,
  "data": {
    "configuration": 3,
    "global": {
      "venue": 3,
      "configuration": 6,
      "poiType": 4,
      "beacon": 2
    }
  },
  "facilities": [
    {
      "facilityInternalIdentifier": 1,
      "data": {
        "map": [
          {
            "level": 0,
            "version": 0,
            "url": "https://pointrimages.blob.core.windows.net/mapspeople/1594635389975629.jpg",
            "lowResolutionUrl": "https://pointrimages.blob.core.windows.net/mapspeople/low_1594635389975629.jpg",
            "internalMapUrl": "",
            "mapDetails": {
              "url": "https://pointrimages.blob.core.windows.net/mapspeople/1594635469970876.zip",
              "width": 4096,
              "height": 4096
            },
            "internalMapDetails": {},
            "baseUrl": "https://pointrimages.blob.core.windows.net/mapspeople/tiles/0"
          },
          {
            "level": 1,
            "version": 0,
            "url": "https://pointrimages.blob.core.windows.net/mapspeople/1594635439813709.jpg",
            "lowResolutionUrl": "https://pointrimages.blob.core.windows.net/mapspeople/low_1594635439813709.jpg",
            "internalMapUrl": "",
            "mapDetails": {
              "url": "https://pointrimages.blob.core.windows.net/mapspeople/159463548156466.zip",
              "width": 4096,
              "height": 4096
            },
            "internalMapDetails": {},
            "baseUrl": "https://pointrimages.blob.core.windows.net/mapspeople/tiles/0"
          }
        ],
        "poi": 6,
        "configuration": 3,
        "wall": 5,
        "graph": 5,
        "beacon": 2
      }
    }
  ]
}