{
  "venues": [
    {
      "venueInternalIdentifier": 1,
      "facilities": [
        {
          "facilityInternalIdentifier": 1,
          "data": [
            {
              "level": 0,
              "beacons": [
                {
                  "name": "4Nna",
                  "description": "4Nna",
                  "id": "poi831221000887906",
                  "keywords": "",
                  "voicekeywords": "",
                  "type": "IBeacon",
                  "minZoomLevel": "",
                  "maxZoomLevel": "",
                  "x": 0.613526,
                  "y": 0.433682,
                  "major": 10,
                  "minor": 7,
                  "uuid": "aaaaaaa0-bbb0-ccc0-ddd0-141babcdef00",
                  "extraData": {
                    "group": "131067500148779"
                  }
                },
                {
                  "name": "MGa3",
                  "description": "MGa3",
                  "id": "poi507717500158559",
                  "keywords": "",
                  "voicekeywords": "",
                  "type": "IBeacon",
                  "minZoomLevel": "",
                  "maxZoomLevel": "",
                  "x": 0.577022,
                  "y": 0.437452,
                  "major": 20373,
                  "minor": 58028,
                  "uuid": "f7826da6-4fa2-4e98-8024-bc5b71e0893e",
                  "extraData": {
                    "group": "707638500417901"
                  }
                },
                {
                  "name": "VTUb",
                  "description": "VTUb",
                  "id": "poi572370000565281",
                  "keywords": "",
                  "voicekeywords": "",
                  "type": "IBeacon",
                  "minZoomLevel": "",
                  "maxZoomLevel": "",
                  "x": 0.626636,
                  "y": 0.511759,
                  "major": 20849,
                  "minor": 30523,
                  "uuid": "f7826da6-4fa2-4e98-8024-bc5b71e0893e",
                  "extraData": {
                    "group": "772270500583746"
                  }
                },
                {
                  "name": "4z4c",
                  "description": "4z4c",
                  "id": "poi380229000677937",
                  "keywords": "",
                  "voicekeywords": "",
                  "type": "IBeacon",
                  "minZoomLevel": "",
                  "maxZoomLevel": "",
                  "x": 0.381949,
                  "y": 0.435821,
                  "major": 55555,
                  "minor": 201,
                  "uuid": "f7826da6-4fa2-4e98-8024-bc5b71e0893e",
                  "extraData": {
                    "group": "280150500573199"
                  }
                },
                {
                  "name": "5UX5",
                  "description": "5UX5",
                  "id": "poi503417500204620",
                  "keywords": "",
                  "voicekeywords": "",
                  "type": "IBeacon",
                  "minZoomLevel": "",
                  "maxZoomLevel": "",
                  "x": 0.463199,
                  "y": 0.544259,
                  "major": 55555,
                  "minor": 202,
                  "uuid": "f7826da6-4fa2-4e98-8024-bc5b71e0893e",
                  "extraData": {
                    "group": "903333000528769"
                  }
                }
              ]
            },
            {
              "level": 1,
              "beacons": [
                {
                  "name": "14",
                  "description": "14",
                  "id": "poi567275500811606",
                  "keywords": "",
                  "voicekeywords": "",
                  "type": "IBeacon",
                  "minZoomLevel": "",
                  "maxZoomLevel": "",
                  "x": 0.538382,
                  "y": 0.597087,
                  "major": 55555,
                  "minor": 101,
                  "uuid": "aaaaaaa0-bbb0-ccc0-ddd0-141babcdef00",
                  "extraData": {
                    "group": "366126500526572"
                  }
                },
                {
                  "name": "12",
                  "description": "12",
                  "id": "poi726421000465351",
                  "keywords": "",
                  "voicekeywords": "",
                  "type": "IBeacon",
                  "minZoomLevel": "",
                  "maxZoomLevel": "",
                  "x": 0.609381,
                  "y": 0.54243,
                  "major": 1,
                  "minor": 3,
                  "uuid": "aaaaaaa0-bbb0-ccc0-ddd0-141babcdef00",
                  "extraData": {
                    "group": "326321500100012"
                  }
                },
                {
                  "name": "13",
                  "description": "13",
                  "id": "poi604424500333450",
                  "keywords": "",
                  "voicekeywords": "",
                  "type": "IBeacon",
                  "minZoomLevel": "",
                  "maxZoomLevel": "",
                  "x": 0.540943,
                  "y": 0.506805,
                  "major": 1,
                  "minor": 4,
                  "uuid": "aaaaaaa0-bbb0-ccc0-ddd0-141babcdef00",
                  "extraData": {
                    "group": "604326000642262"
                  }
                },
                {
                  "name": "15",
                  "description": "15",
                  "id": "poi514287500598614",
                  "keywords": "",
                  "voicekeywords": "",
                  "type": "IBeacon",
                  "minZoomLevel": "",
                  "maxZoomLevel": "",
                  "x": 0.410078,
                  "y": 0.603983,
                  "major": 55555,
                  "minor": 103,
                  "uuid": "aaaaaaa0-bbb0-ccc0-ddd0-141babcdef00",
                  "extraData": {
                    "group": "714202000301067"
                  }
                },
                {
                  "name": "16",
                  "description": "16",
                  "id": "poi294080000664976",
                  "keywords": "",
                  "voicekeywords": "",
                  "type": "IBeacon",
                  "minZoomLevel": "",
                  "maxZoomLevel": "",
                  "x": 0.501778,
                  "y": 0.690747,
                  "major": 55555,
                  "minor": 102,
                  "uuid": "aaaaaaa0-bbb0-ccc0-ddd0-141babcdef00",
                  "extraData": {
                    "group": "593986500958121"
                  }
                },
                {
                  "name": "17",
                  "description": "17",
                  "id": "poi455770500190620",
                  "keywords": "",
                  "voicekeywords": "",
                  "type": "IBeacon",
                  "minZoomLevel": "",
                  "maxZoomLevel": "",
                  "x": 0.380528,
                  "y": 0.723872,
                  "major": 1,
                  "minor": 8,
                  "uuid": "aaaaaaa0-bbb0-ccc0-ddd0-141babcdef00",
                  "extraData": {
                    "group": "655674000096616"
                  }
                },
                {
                  "name": "18",
                  "description": "18",
                  "id": "poi396386500479269",
                  "keywords": "",
                  "voicekeywords": "",
                  "type": "IBeacon",
                  "minZoomLevel": "",
                  "maxZoomLevel": "",
                  "x": 0.323653,
                  "y": 0.769809,
                  "major": 1,
                  "minor": 9,
                  "uuid": "aaaaaaa0-bbb0-ccc0-ddd0-141babcdef00",
                  "extraData": {
                    "group": "696305000310160"
                  }
                },
                {
                  "name": "19",
                  "description": "19",
                  "id": "poi495939000382462",
                  "keywords": "",
                  "voicekeywords": "",
                  "type": "IBeacon",
                  "minZoomLevel": "",
                  "maxZoomLevel": "",
                  "x": 0.258781,
                  "y": 0.820285,
                  "major": 1,
                  "minor": 10,
                  "uuid": "aaaaaaa0-bbb0-ccc0-ddd0-141babcdef00",
                  "extraData": {
                    "group": "195858000383381"
                  }
                },
                {
                  "name": "Al5q",
                  "description": "al5q",
                  "id": "poi316726000495493",
                  "keywords": "",
                  "voicekeywords": "",
                  "type": "IBeacon",
                  "minZoomLevel": "",
                  "maxZoomLevel": "",
                  "x": 0.613631,
                  "y": 0.480628,
                  "major": 1,
                  "minor": 2,
                  "uuid": "aaaaaaa0-bbb0-ccc0-ddd0-141babcdef00",
                  "extraData": {
                    "group": "116584000289756"
                  }
                },
                {
                  "name": "IBeacon",
                  "description": "7tiy",
                  "id": "poi264057500751386",
                  "keywords": "",
                  "voicekeywords": "",
                  "type": "IBeacon",
                  "minZoomLevel": "",
                  "maxZoomLevel": "",
                  "x": 0.639569,
                  "y": 0.490941,
                  "major": 1,
                  "minor": 1,
                  "uuid": "aaaaaaa0-bbb0-ccc0-ddd0-141babcdef00",
                  "extraData": {
                    "group": "663994500610413"
                  }
                }
              ]
            }
          ]
        }
      ]
    },
    {
      "venueInternalIdentifier": 2,
      "facilities": [
        {
          "facilityInternalIdentifier": 0,
          "data": []
        }
      ]
    }
  ]
}