{
  "data": {
    "uuidList": {
      "1": "AAAAAAA0-BBB0-CCC0-DDD0-141BABCDEF00",
      "2": "f7826da6-4fa2-4e98-8024-bc5b71e0893e"
    },
    "positionManagerConfiguration": {
      "isGpsTrackingEnabled": true,
      "isBackgroundPositioningEnabled": false,
      "isGpsTrackingEnabledInBackground": false,
      "gpsAccuracyModeInForeground": 2
    },
    "locationSharingConfiguration": {
      "isOnlineLocationSharingEnabled": true
    },
    "interactionManagerConfiguration": {
      "isEnabled": false
    }
  },
  "venues": [
    {
      "venueInternalIdentifier": 1,
      "data": {},
      "facilities": [
        {
          "facilityInternalIdentifier": 1,
          "data": {
            "facilityConfiguration": {
              "mapMinLevel": 0,
              "mapMaxLevel": 1,
              "mapWidthMeters": 81.0,
              "mapHeightMeters": 81.0,
              "facilityId": 1,
              "latitudeTopLeft": 57.0584755,
              "longitudeTopLeft": 9.949884,
              "latitudeTopRight": 57.0584755,
              "longitudeTopRight": 9.951225,
              "latitudeBottomLeft": 57.0577431,
              "longitudeBottomLeft": 9.949884
            }
          }
        }
      ]
    },
    {
      "venueInternalIdentifier": 2,
      "data": {},
      "facilities": [
        {
          "facilityInternalIdentifier": 0,
          "data": {}
        }
      ]
    }
  ]
}