{
  "venues": [
    {
      "title": "Default",
      "venueInternalIdentifier": 1,
      "venueExternalIdentifier": "1",
      "facilities": [
        {
          "title": "Default",
          "facilityInternalIdentifier": 1,
          "facilityExternalIdentifier": "1",
          "geoCoordinates": "",
          "levels": [
            {
              "title": "GF",
              "description": "",
              "index": 0
            },
            {
              "title": "L1",
              "description": "",
              "index": 1
            }
          ]
        }
      ]
    },
    {
      "title": "Demo site",
      "venueInternalIdentifier": 2,
      "venueExternalIdentifier": "2",
      "facilities": [
        {
          "title": "Pilot",
          "facilityInternalIdentifier": 0,
          "facilityExternalIdentifier": "2",
          "geoCoordinates": "",
          "levels": []
        }
      ]
    }
  ]
}